INSERT INTO `appuser` (`id`, `dni`, `email`, `name`, `password`, `username`, `surname`) VALUES
(0x065b123f8ef0491bbf2799bf762cdd79, '12345678d', 'admin@admin.es', 'adminito', '$2a$10$Fu0XiYMq/ph95G2FKKtXrOJRGdTLZP.PiA61O0UwCuICddoQqDd9G', 'Admin', 'Adminman'),
(0x878c6aaf06134be4bb7a16873d4b63fc, '12345987D', 'pepe@pepe.es', 'Peponcillo', '$2a$10$Yfb/JzvANX8xh.R3wepQdOVOztnO/kSacqDZf44sYEdmiiFQ/XJ9S', 'Pepe', 'Pepito');

INSERT INTO `consultation` (`id`, `closed`, `creation_date`, `name`, `user_id`) VALUES
(0x00000000000000000000000000000000, b'1', '2024-01-07 00:19:15.000000', 'Consulta rara', 0x065b123f8ef0491bbf2799bf762cdd79),
(0x01000000000000000000000000000000, b'1', '2024-01-16 11:31:25.000000', 'Webas tardes', 0x878c6aaf06134be4bb7a16873d4b63fc),
(0x02000000000000000000000000000000, b'1', '2024-01-09 11:45:45.000000', 'ASd', 0x878c6aaf06134be4bb7a16873d4b63fc),
(0x6380ddda9c824e27a0059f8bda5b2247, b'0', '2024-01-07 21:38:16.000000', 'Tengo ganas de comer kebab', 0x878c6aaf06134be4bb7a16873d4b63fc);


INSERT INTO `message` (`id`, `creation_date`, `message_string`, `consultation_id`, `user_id`) VALUES
(0x00000000000000000000000000000000, '2024-01-06 00:32:04.000000', 'Mensaje1', 0x00000000000000000000000000000000, 0x065b123f8ef0491bbf2799bf762cdd79),
(0x01000000000000000000000000000000, '2024-01-08 00:11:52.000000', 'Pues vaya', 0x00000000000000000000000000000000, 0x878c6aaf06134be4bb7a16873d4b63fc),
(0x02000000000000000000000000000000, '2024-01-09 00:27:10.000000', 'Vamonosss LOLLLLL', 0x00000000000000000000000000000000, 0x065b123f8ef0491bbf2799bf762cdd79),
(0x02c0545d13364f049bcfd3412eac4fd5, '2024-01-08 18:04:19.000000', 'illokase', 0x01000000000000000000000000000000, 0x878c6aaf06134be4bb7a16873d4b63fc),
(0x03000000000000000000000000000000, '2024-01-01 18:02:58.000000', 'ONDE TA ER BETI', 0x01000000000000000000000000000000, 0x878c6aaf06134be4bb7a16873d4b63fc),
(0x04000000000000000000000000000000, '2024-01-02 18:02:58.000000', 'BETI', 0x01000000000000000000000000000000, 0x065b123f8ef0491bbf2799bf762cdd79),
(0x05000000000000000000000000000000, '2024-01-03 18:03:59.000000', 'VIVA EL BETI', 0x01000000000000000000000000000000, 0x878c6aaf06134be4bb7a16873d4b63fc),
(0x05dab4dd202a4781900745f3923ce6aa, '2024-01-08 18:04:20.000000', 'asd', 0x01000000000000000000000000000000, 0x878c6aaf06134be4bb7a16873d4b63fc),
(0x06000000000000000000000000000000, '2019-01-09 19:41:40.000000', 'Primer mensaje bobos ', 0x01000000000000000000000000000000, 0x878c6aaf06134be4bb7a16873d4b63fc),
(0x07328d7d9bdb4ef8ba7ee1eacf1fb809, '2024-01-07 19:54:00.000000', 'Por favor funciona', 0x00000000000000000000000000000000, 0x065b123f8ef0491bbf2799bf762cdd79),
(0x1d3b14e996be4a33bc1aa55b0c28ed46, '2024-01-07 22:11:57.000000', 'No tonto', 0x6380ddda9c824e27a0059f8bda5b2247, 0x065b123f8ef0491bbf2799bf762cdd79),
(0x26a44f41802b4f9b9d0d6429fe2ae8aa, '2024-01-07 21:38:25.000000', 'Porfi', 0x6380ddda9c824e27a0059f8bda5b2247, 0x878c6aaf06134be4bb7a16873d4b63fc),
(0x2b3f60d6b88c4ab6af429083de384cfe, '2024-01-09 13:04:31.000000', 'tonto', 0x6380ddda9c824e27a0059f8bda5b2247, 0x065b123f8ef0491bbf2799bf762cdd79),
(0x3b7b02bec6264a7f8b1f71aca4c7d662, '2024-01-07 20:08:47.000000', 'Por eso no me respondes', 0x02000000000000000000000000000000, 0x065b123f8ef0491bbf2799bf762cdd79),
(0x3bf59df1f61b45c8ab8ab4baf3635e63, '2024-01-07 20:08:44.000000', 'Tu come guiso', 0x02000000000000000000000000000000, 0x065b123f8ef0491bbf2799bf762cdd79),
(0x54de68c97a8e454c84219672b183d083, '2024-01-09 13:04:30.000000', 'pepe', 0x6380ddda9c824e27a0059f8bda5b2247, 0x065b123f8ef0491bbf2799bf762cdd79),
(0x56d62763b38042318beebfe51a6fe69b, '2024-01-07 21:38:22.000000', 'Hola quiero un kebab', 0x6380ddda9c824e27a0059f8bda5b2247, 0x878c6aaf06134be4bb7a16873d4b63fc),
(0x66d1427499c94f959a0b602a642971a4, '2024-01-07 20:08:33.000000', 'Hola que quiere', 0x02000000000000000000000000000000, 0x065b123f8ef0491bbf2799bf762cdd79),
(0x74e27dc60d004ea1bfa1c9d72978693a, '2024-01-08 18:04:20.000000', 'd', 0x01000000000000000000000000000000, 0x878c6aaf06134be4bb7a16873d4b63fc),
(0x807cf58a36624422b3cb63c0ab13bcfc, '2024-01-08 18:04:21.000000', 'sd', 0x01000000000000000000000000000000, 0x878c6aaf06134be4bb7a16873d4b63fc),
(0x91ea1aa33bf040caaa0cf55f0f67f1e6, '2024-01-08 18:04:21.000000', 'da', 0x01000000000000000000000000000000, 0x878c6aaf06134be4bb7a16873d4b63fc),
(0x9e12dbb54bc3446f8e1607c21aff3079, '2024-01-08 18:04:20.000000', 'as', 0x01000000000000000000000000000000, 0x878c6aaf06134be4bb7a16873d4b63fc),
(0xa3168d0d3ad449c3848211afa88ac107, '2024-01-07 19:54:43.000000', 'Pues a mi no me gusta el betis', 0x01000000000000000000000000000000, 0x878c6aaf06134be4bb7a16873d4b63fc),
(0xb795db8486d645679a89d77346a513b6, '2024-01-07 19:55:01.000000', 'Que bobo', 0x01000000000000000000000000000000, 0x065b123f8ef0491bbf2799bf762cdd79),
(0xc04e7abad153470db44423c5c38f1c1e, '2024-01-08 18:04:21.000000', 'sad', 0x01000000000000000000000000000000, 0x878c6aaf06134be4bb7a16873d4b63fc),
(0xc194ef3909ab4121b3cf0c2284195ec9, '2024-01-08 18:04:20.000000', 'asd', 0x01000000000000000000000000000000, 0x878c6aaf06134be4bb7a16873d4b63fc),
(0xc6bfa715f1ec4ab98549077ddc048a79, '2024-01-07 19:54:21.000000', 'Que loco', 0x00000000000000000000000000000000, 0x065b123f8ef0491bbf2799bf762cdd79),
(0xcfcee302597a41be9b90e8e2de806413, '2024-01-09 11:08:44.000000', 'AAAAAAAA', 0x6380ddda9c824e27a0059f8bda5b2247, 0x065b123f8ef0491bbf2799bf762cdd79),
(0xd9f8fe9b442b4c0d8d884dfbd4899ea5, '2024-01-07 20:08:38.000000', 'Joder', 0x02000000000000000000000000000000, 0x065b123f8ef0491bbf2799bf762cdd79),
(0xdf397005fc554736902f60304e84504e, '2024-01-07 20:08:50.000000', 'Rebobisim', 0x02000000000000000000000000000000, 0x065b123f8ef0491bbf2799bf762cdd79),
(0xe579a382c160465195069462f55254d7, '2024-01-07 20:08:36.000000', 'Hola?', 0x02000000000000000000000000000000, 0x065b123f8ef0491bbf2799bf762cdd79),
(0xfa58f9037c934f7e8a7e63ed7b72b9e7, '2024-01-08 18:04:21.000000', 'as', 0x01000000000000000000000000000000, 0x878c6aaf06134be4bb7a16873d4b63fc),
(0xfd139fd04d0e4b8a9f3a00b55e042fd2, '2024-01-07 20:08:40.000000', 'Eres un bobo', 0x02000000000000000000000000000000, 0x065b123f8ef0491bbf2799bf762cdd79),
(0xfe5aa174f0f247ac8a6ae93bf5a2289f, '2024-01-07 20:09:02.000000', 'Te diría que si', 0x02000000000000000000000000000000, 0x065b123f8ef0491bbf2799bf762cdd79);

INSERT INTO `rol` (`id`, `name`) VALUES
(0x00000000000000000000000000000000, 'ADMIN'),
(0x01000000000000000000000000000000, 'USER');